[{
	"url": "\/wp-content\/themes\/Art_Blog\/images\/404.jpg",
	"link": "\/404.html",
	"top": "404",
	"bot": "路<br>在何方"
}, {
	"url": "\/wp-content\/themes\/Art_Blog\/images\/painting.jpg",
	"link": "\/817.html",
	"top": "绘画板",
	"bot": "描绘<br>在故事里的风景"
}, {
	"url": "\/wp-content\/themes\/Art_Blog\/images\/happy_night.jpg",
	"link": "\/802.html",
	"top": "千里共良宵",
	"bot": "岁月<br>在电波中流淌",
	"isWide": "true"
}, {
	"url": "\/wp-content\/themes\/Art_Blog\/images\/be_busy.jpg",
	"link": "\/2075.html",
	"top": "忙碌",
	"bot": "在喧闹<br>又孤独的城市"
}, {
	"url": "\/wp-content\/themes\/Art_Blog\/images\/time_shuttle.jpg",
	"link": "\/time-machine",
	"top": "MV",
	"bot": "时光<br>在画面里穿梭",
	"isWide": "true"
}, {
	"url": "\/wp-content\/themes\/Art_Blog\/images\/mood_music.jpg",
	"link": "\/609.html",
	"top": "Music",
	"bot": "心情<br>在音乐中释放"
}, {
	"url": "\/wp-content\/themes\/Art_Blog\/images\/valentine_day.jpg",
	"link": "\/913.html",
	"top": "情人节",
	"bot": "一个单身<br>程序员的史诗"
}, {
	"url": "\/wp-content\/themes\/Art_Blog\/images\/straight_man.jpg",
	"link": "\/2166.html",
	"top": "直男癌",
	"bot": "花花世界<br>谁在鄙视直男癌"
}]