{
  "id": "385244",
  "name": "我的博客",
  "font_family": "iconfont",
  "css_prefix_text": "icon-",
  "description": "",
  "glyphs": [
    {
      "icon_id": "7090090",
      "name": "注册",
      "font_class": "zhuce",
      "unicode": "e71c",
      "unicode_decimal": 59164
    },
    {
      "icon_id": "11872995",
      "name": "登录",
      "font_class": "denglu",
      "unicode": "e60f",
      "unicode_decimal": 58895
    },
    {
      "icon_id": "2564397",
      "name": "百度",
      "font_class": "baidu",
      "unicode": "e846",
      "unicode_decimal": 59462
    },
    {
      "icon_id": "2678578",
      "name": "表情",
      "font_class": "biaoqing",
      "unicode": "e63d",
      "unicode_decimal": 58941
    },
    {
      "icon_id": "9557785",
      "name": "菜单栏",
      "font_class": "caidanlan",
      "unicode": "e637",
      "unicode_decimal": 58935
    },
    {
      "icon_id": "3089390",
      "name": "icon-eyes",
      "font_class": "icon-eyes",
      "unicode": "e72f",
      "unicode_decimal": 59183
    },
    {
      "icon_id": "3500137",
      "name": "星星",
      "font_class": "xingxing",
      "unicode": "e665",
      "unicode_decimal": 58981
    },
    {
      "icon_id": "2653315",
      "name": "留言",
      "font_class": "liuyan1",
      "unicode": "e626",
      "unicode_decimal": 58918
    },
    {
      "icon_id": "5416296",
      "name": "关 闭",
      "font_class": "guanbi3",
      "unicode": "e608",
      "unicode_decimal": 58888
    },
    {
      "icon_id": "6352943",
      "name": "关  闭",
      "font_class": "guanbi",
      "unicode": "e605",
      "unicode_decimal": 58885
    },
    {
      "icon_id": "418471",
      "name": "价格",
      "font_class": "jiage1",
      "unicode": "e7df",
      "unicode_decimal": 59359
    },
    {
      "icon_id": "5435416",
      "name": "大拇指",
      "font_class": "damuzhi1",
      "unicode": "e669",
      "unicode_decimal": 58985
    },
    {
      "icon_id": "4537969",
      "name": "心情不好",
      "font_class": "xinqingbuhao",
      "unicode": "e668",
      "unicode_decimal": 58984
    },
    {
      "icon_id": "1009219",
      "name": "留言",
      "font_class": "liuyan",
      "unicode": "e69f",
      "unicode_decimal": 59039
    },
    {
      "icon_id": "5330265",
      "name": "日历",
      "font_class": "rili1",
      "unicode": "e773",
      "unicode_decimal": 59251
    },
    {
      "icon_id": "725715",
      "name": "搜索",
      "font_class": "sousuo",
      "unicode": "e65d",
      "unicode_decimal": 58973
    },
    {
      "icon_id": "791908",
      "name": "箭头",
      "font_class": "ai-arrow-down",
      "unicode": "e658",
      "unicode_decimal": 58968
    },
    {
      "icon_id": "2402040",
      "name": "箭头",
      "font_class": "jiantou",
      "unicode": "e612",
      "unicode_decimal": 58898
    },
    {
      "icon_id": "5766810",
      "name": "箭头-右-粗线条-fill",
      "font_class": "jiantou-you-cuxiantiao-fill",
      "unicode": "e6ae",
      "unicode_decimal": 59054
    },
    {
      "icon_id": "6260268",
      "name": "标签",
      "font_class": "biaoqian",
      "unicode": "e603",
      "unicode_decimal": 58883
    },
    {
      "icon_id": "7532867",
      "name": "看过",
      "font_class": "kanguo",
      "unicode": "e664",
      "unicode_decimal": 58980
    },
    {
      "icon_id": "827796",
      "name": "作者",
      "font_class": "zuozhe1",
      "unicode": "e688",
      "unicode_decimal": 59016
    },
    {
      "icon_id": "339636",
      "name": "统计分析",
      "font_class": "icon",
      "unicode": "e60e",
      "unicode_decimal": 58894
    },
    {
      "icon_id": "371798",
      "name": "朋友网",
      "font_class": "pengyouwang",
      "unicode": "e61a",
      "unicode_decimal": 58906
    },
    {
      "icon_id": "607923",
      "name": "火箭",
      "font_class": "huojian-copy",
      "unicode": "e602",
      "unicode_decimal": 58882
    },
    {
      "icon_id": "419738",
      "name": "评论",
      "font_class": "pinglun1",
      "unicode": "e674",
      "unicode_decimal": 58996
    },
    {
      "icon_id": "758507",
      "name": "评论",
      "font_class": "pinglun2",
      "unicode": "e611",
      "unicode_decimal": 58897
    },
    {
      "icon_id": "1063469",
      "name": "随机",
      "font_class": "suiji-copy",
      "unicode": "e600",
      "unicode_decimal": 58880
    },
    {
      "icon_id": "3406937",
      "name": "评论",
      "font_class": "pinglun3",
      "unicode": "e60c",
      "unicode_decimal": 58892
    },
    {
      "icon_id": "6134579",
      "name": "最近",
      "font_class": "zuijin",
      "unicode": "e679",
      "unicode_decimal": 59001
    },
    {
      "icon_id": "6472967",
      "name": "分类-未选中",
      "font_class": "leimupinleifenleileibie",
      "unicode": "e601",
      "unicode_decimal": 58881
    },
    {
      "icon_id": "1903886",
      "name": "web__新手",
      "font_class": "web__xinshou",
      "unicode": "e64b",
      "unicode_decimal": 58955
    },
    {
      "icon_id": "1010112",
      "name": "上箭头",
      "font_class": "shangjiantou",
      "unicode": "e619",
      "unicode_decimal": 58905
    },
    {
      "icon_id": "1010165",
      "name": "下箭头",
      "font_class": "xiajiantou",
      "unicode": "e643",
      "unicode_decimal": 58947
    },
    {
      "icon_id": "744557",
      "name": "评论",
      "font_class": "pinglun",
      "unicode": "e642",
      "unicode_decimal": 58946
    },
    {
      "icon_id": "1279449",
      "name": "时间",
      "font_class": "shijian",
      "unicode": "e663",
      "unicode_decimal": 58979
    },
    {
      "icon_id": "1541536",
      "name": "作者",
      "font_class": "zuozhe",
      "unicode": "e614",
      "unicode_decimal": 58900
    }
  ]
}
